,Preferred_Skills,Count
1,experience,14
2,technical,13
3,PhD,11
5,field,10
6,design,9
7,degree,9
8,Computer,9
9,Science,9
10,relevant,8
12,Python,7
13,development,7
14,systems,6
15,code,6
16,work,6
17,years,6
18,ability,6
19,languages,5
20,Demonstrated,5
21,including,5
22,C,5
23,JavaScript,5
24,one,5
25,management,5
26,skills,5
27,programming,5
28,hardware,4
29,learn,4
30,CC,4
31,Go,4
32,coding,4
33,computer,4
34,MS,4
35,Masters,4
36,RTL,4
37,Interest,4
38,needed,4
39,highlevel,4
40,Master’s,4
41,testing,4
42,algorithms,4
43,software,4
44,web,3
45,engineering,3
46,Java,3
47,efficient,3
48,environment,3
49,general,3
50,limited,3
51,science,3
52,education,3
53,agile,3
54,distributed,3
55,Ability,3
56,eg,3
57,methodologies,3
58,synthesis,3
59,solutions,3
60,purpose,3
61,system,3
62,dynamic,3
63,unit,3
64,application,3
65,managing,3
66,equivalent,3
67,4,3
68,designing,2
69,Verilog,2
70,manage,2
71,knowledge,2
72,Objective,2
73,environments,2
74,Engineering,2
75,products,2
76,industry,2
77,Excellent,2
78,10,2
79,UNIXLinux,2
80,practical,2
81,priorities,2
82,bugchange,2
83,business,2
84,judgment,2
85,deadlines,2
86,writing,2
87,quickly,2
88,independently,2
89,optimized,2
90,robotics,2
91,using,2
92,SystemC,2
93,Familiarity,2
94,operate,2
95,highly,2
96,modeling,2
97,HTML,2
98,Knowledge,2
99,ARM,2
100,Bash,2
101,competing,2
102,test,2
103,projects,2
104,FPGA,2
105,provide,2
106,issues,2
107,scale,2
108,communication,2
109,Expertise,2
110,IP,2
111,analysis,2
112,video,2
113,architecture,2
114,prototyping,2
115,flexibly,2
116,problems,2
117,teams,2
118,people,2
119,exercising,2
120,developers,2
121,project,2
122,frameworks,2
123,leadership,2
124,able,2
125,thorough,1
126,capabilities,1
127,new,1
128,manipulating,1
129,Previous,1
130,retrieval,1
131,scripting,1
132,language,1
133,reliability,1
134,tech,1
135,availability,1
136,integration,1
137,across,1
138,latency,1
139,efficiency,1
140,1year,1
141,userinterface,1
142,improving,1
143,internships,1
144,improve,1
145,proving,1
146,problemsolving,1
147,functional,1
148,value,1
149,layers,1
150,strong,1
151,action,1
152,life,1
153,demonstrable,1
154,toward,1
155,interpersonal,1
156,cycles,1
157,areas,1
158,5,1
159,handson,1
160,algorithm,1
161,closely,1
162,20,1
163,troubleshooting,1
164,Large,1
165,following,1
166,speed,1
167,developing,1
168,inventing,1
169,learning,1
170,stress,1
171,Windows,1
172,passion,1
173,Shell,1
174,information,1
175,TCPIP,1
176,teaching,1
177,breaking,1
178,cost,1
179,providing,1
180,making,1
181,classes,1
182,processing,1
183,realtime,1
184,turning,1
185,mentoring,1
186,talks,1
187,adaptations,1
188,MSPhD,1
189,capable,1
190,bring,1
191,tradeoffs,1
192,core,1
193,codec,1
194,HTML5,1
195,8,1
196,innovation,1
197,implementations,1
198,necessary,1
199,share,1
200,Swift,1
201,consultant,1
202,Good,1
203,ObjectiveC,1
204,shell,1
205,technologies,1
206,machine,1
207,Extensive,1
208,internet,1
209,common,1
210,Deep,1
211,signal,1
212,quality,1
213,silicon,1
214,electrical,1
215,Perl,1
216,via,1
217,reviewing,1
218,documents,1
219,SystemVerilog,1
220,drivers,1
221,formal,1
222,area,1
223,Management,1
224,Effective,1
225,multiple,1
226,data,1
227,scalable,1
228,Artificial,1
229,serving,1
230,infrastructure,1
231,testdriven,1
232,automation,1
233,Intelligence,1
234,Machine,1
235,bottleneck,1
236,components,1
237,refactoring,1
238,dealing,1
239,frontend,1
240,Learning,1
241,building,1
242,Prior,1
243,game,1
244,titles,1
245,shipping,1
246,highquality,1
247,protocols,1
248,SoC,1
249,codesign,1
250,hardwaresoftware,1
251,especially,1
252,AMBA,1
253,XUL,1
254,AJAX,1
255,XAML,1
256,tools,1
257,enthusiastic,1
258,eDiscovery,1
259,Capable,1
260,solving,1
261,cognitively,1
262,engineers,1
263,verbally,1
264,problem,1
265,enough,1
266,recruiting,1
267,networking,1
268,large,1
269,experienced,1
270,expertise,1
271,analyzing,1
272,yet,1
273,executive,1
274,UnixLinux,1
275,hold,1
276,storage,1
277,operating,1
278,structures,1
279,discussion,1
280,deepdives,1
281,team,1
282,Proficiency,1
283,Googles,1
284,andor,1
285,complexity,1
286,strategy,1
287,performance,1
288,Handson,1
289,GWT,1
290,Programming,1
291,Flex,1
292,user,1
293,instruction,1
294,x86,1
295,based,1
296,virtualization,1
297,platforms,1
298,emulation,1
299,set,1
300,translation,1
301,firmware,1
302,FPGAASIC,1
303,like,1
304,virtual,1
305,simulator,1
306,binary,1
307,kernel,1
308,assembly,1
309,lowlevel,1
310,support,1
311,implement,1
312,Legal,1
313,participation,1
314,technology,1
315,build,1
316,implementation,1
317,analytical,1
318,full,1
319,etc,1
320,bias,1
321,Contract,1
322,softwarebased,1
323,driver,1
324,つ以上の分野における低レベル開発の経験,1
325,consumer,1
326,CSS,1
327,interface,1
328,Catapult,1
329,optimization,1
330,VHDL,1
331,cameras,1
332,verification,1
333,physical,1
334,flow,1
335,paradigms,1
336,power,1
337,either,1
338,Stratus,1
339,CCSystemC,1
340,1,1
341,digital,1
342,modelling,1
343,photography,1
344,Vivado,1
345,accelerators,1
346,global,1
347,PlatformasaService,1
348,PaaS,1
349,working,1
350,サイエンスまたは関連する技術分野での修士号または博士号,1
351,オープンソース開発の経験,1
352,コンピュータ,1
353,ドメインに関する知識。または動画、コーデック、グラフィック、カメラ、マルチメディアのうち,1
354,imaging,1
